年度,職類別,行業別,受僱員工人數,總薪資,經常性薪資,非經常性薪資
2015,主管及監督人員,支援服務業,28454,59555,56444,3111
2015,高階主管(總經理及總執行長),支援服務業,1185,128341,124177,4164
2015,中階主管(經理),支援服務業,5679,76438,73854,2584
2015,現場及辦公室監督人員(含主任、科/股長),支援服務業,21590,51338,48147,3191
2015,專業人員,支援服務業,9771,44758,43332,1426
2015,土木及水利工程師,支援服務業,… ,… ,… ,… 
2015,電機工程師,支援服務業,1261,67086,63691,3395
2015,電子工程師,支援服務業,352,50288,50001,287
2015,電信工程師,支援服務業,… ,… ,… ,… 
2015,平面及多媒體設計師,支援服務業,245,41529,40281,1248
2015,護理人員,支援服務業,48,32506,32506,— 
2015,勞安及衛生管理人員(含工業安全管理師),支援服務業,47,41930,41790,140
2015,會(審)計師(含會計稽核),支援服務業,8,106848,76070,30778
2015,風險控管人員,支援服務業,… ,… ,… ,… 
2015,財務、經濟及投資分析研究人員,支援服務業,41,55393,53929,1464
2015,專案管理師(含經營管理顧問),支援服務業,605,49884,47478,2406
2015,人力資源管理師,支援服務業,573,51947,50144,1803
2015,廣告及行銷專業人員(含企劃),支援服務業,1408,44550,44078,472
2015,公關專業人員,支援服務業,… ,… ,… ,… 
2015,資訊系統分析及設計師,支援服務業,496,70599,69995,604
2015,軟體開發及程式設計師,支援服務業,424,50523,46012,4511
2015,資料庫及網路專業人員,支援服務業,103,64662,57769,6893
2015,編輯、作家及有關撰稿人員,支援服務業,53,59725,59304,421
2015,翻譯人員,支援服務業,4052,30422,29721,701
2015,技術員及助理專業人員,支援服務業,21301,41397,37010,4387
2015,營建工程技術員(含建築、土木、景觀、測量、水利),支援服務業,… ,… ,… ,… 
2015,電機技術員,支援服務業,329,42806,37724,5082
2015,電子技術員,支援服務業,227,32993,32671,322
2015,機械技術員(含造船、輪機、鑄造),支援服務業,10,35021,34694,327
2015,品管技術員,支援服務業,424,62557,37821,24736
2015,環境工程技術員,支援服務業,1125,29839,29218,621
2015,石油及天然氣精煉設備操作員,支援服務業,… ,… ,… ,… 
2015,勞安及衛生技術員,支援服務業,72,30801,30801,— 
2015,信用及貸款人員,支援服務業,385,35699,34931,768
2015,會計助理員,支援服務業,323,48769,46076,2693
2015,統計及精算助理專業人員,支援服務業,… ,… ,… ,… 
2015,承銷人員,支援服務業,… ,… ,… ,… 
2015,工商業銷售代表(含業務員),支援服務業,9009,41237,36514,4723
2015,採購員,支援服務業,7,60334,60327,7
2015,會議及活動規劃人員,支援服務業,960,75399,48105,27294
2015,職業介紹人及承包人,支援服務業,5923,36386,35416,970
2015,專業秘書,支援服務業,90,51278,48870,2408
2015,法務人員,支援服務業,88,45814,43324,2490
2015,資訊管理及維護技術員,支援服務業,2276,43027,41089,1938
2015,廣播及視聽技術員(含放映員),支援服務業,… ,… ,… ,… 
2015,電信技術員,支援服務業,… ,… ,… ,… 
2015,事務支援人員,支援服務業,81822,34218,32266,1952
2015,總務,支援服務業,3199,29710,28886,824
2015,一般辦公室事務人員(含文書),支援服務業,29409,33873,31929,1944
2015,資料輸入人員,支援服務業,6100,31608,30522,1086
2015,收帳、收費人員(含帳款催收),支援服務業,2095,34500,33409,1091
2015,旅遊諮詢人員(含旅行社事務人員),支援服務業,13606,37795,33820,3975
2015,接待員及服務台事務人員,支援服務業,3185,28785,28026,759
2015,總機人員,支援服務業,1667,31947,30764,1183
2015,電話及網路客服人員,支援服務業,6542,36913,33997,2916
2015,統計調查訪談人員,支援服務業,134,38339,36387,1952
2015,會計、簿記、出納,支援服務業,9160,32652,31874,778
2015,存貨事務人員,支援服務業,437,21209,18309,2900
2015,人事事務人員,支援服務業,6280,36484,35725,759
2015,郵件處理及投遞人員,支援服務業,… ,… ,… ,… 
2015,服務及銷售工作人員,支援服務業,91443,29556,26997,2559
2015,隨車、船、飛機服務人員(含空服員),支援服務業,… ,… ,… ,… 
2015,導遊、領隊及解說員,支援服務業,2100,37376,37251,125
2015,廚師,支援服務業,37,39084,39084,— 
2015,餐飲服務人員,支援服務業,… ,… ,… ,… 
2015,按摩師,支援服務業,… ,… ,… ,… 
2015,商店銷售人員(含百貨公司樓管人員),支援服務業,2447,37252,34317,2935
2015,收銀員及售票員,支援服務業,1621,20648,20548,100
2015,展售說明人員,支援服務業,1833,32864,32018,846
2015,電話及網路行銷人員,支援服務業,2371,43874,33680,10194
2015,加油站服務員,支援服務業,… ,… ,… ,… 
2015,健康照顧人員(含看護),支援服務業,1248,27205,27205,— 
2015,建築物管理員、保全及警衛人員,支援服務業,79254,28851,26323,2528
2015,救生員,支援服務業,… ,… ,… ,… 
2015,技藝、機械設備操作及組裝人員,支援服務業,54133,33779,30649,3130
2015,園藝及農牧業生產人員,支援服務業,118,33226,33226,— 
2015,泥作工作人員,支援服務業,… ,… ,… ,… 
2015,空調及冷凍機械裝修人員,支援服務業,… ,… ,… ,… 
2015,產業用機器維修人員,支援服務業,1001,30876,30223,653
2015,印刷人員,支援服務業,673,24063,23285,778
2015,建築物電力系統裝修人員(含水電工),支援服務業,1061,43273,41496,1777
2015,電力機械裝修人員,支援服務業,3867,39816,37965,1851
2015,資(通)訊設備裝修人員,支援服務業,2256,39720,34280,5440
2015,電子設備裝修人員(不含資通訊設備),支援服務業,9430,34642,30843,3799
2015,非食品飲料產品分級及檢查人員,支援服務業,… ,… ,… ,… 
2015,消毒及除蟲有關工作人員,支援服務業,… ,… ,… ,… 
2015,金屬製造設備操作員(含熔煉、鑄造、輾軋、熱處理、抽製及擠型等),支援服務業,… ,… ,… ,… 
2015,印刷電路板製造工,支援服務業,245,22555,20807,1748
2015,化學產品機械操作員(不含藥品、化妝品及照相產品),支援服務業,… ,… ,… ,… 
2015,包裝機械操作人員,支援服務業,552,26416,24907,1509
2015,生產線上組裝(現場)人員,支援服務業,27528,29029,26350,2679
2015,機車送件駕駛人員,支援服務業,… ,… ,… ,… 
2015,小客、貨車駕駛人員,支援服務業,3989,43978,39645,4333
2015,大客、貨車駕駛人員,支援服務業,1659,52148,51488,660
2015,推土、吊車、起重機等移運設備操作人員,支援服務業,586,41785,40076,1709
2015,基層技術工及勞力工,支援服務業,57910,26774,25423,1351
2015,清潔工作人員(含建築清潔工),支援服務業,40066,25220,24430,790
2015,勞力工,支援服務業,11750,27335,25987,1348
2015,理貨員,支援服務業,5572,36511,31345,5166
2015,廚房幫工(含速食烹調),支援服務業,490,29668,25739,3929
2015,抄表員及自動販賣機收款員,支援服務業,… ,… ,… ,… 
2015,停車場管理工,支援服務業,… ,… ,… ,… 
2015,主管及監督人員,租賃業,3155,62117,59725,2392
2015,高階主管(總經理及總執行長),租賃業,96,108184,108141,43
2015,中階主管(經理),租賃業,467,92774,92568,206
2015,現場及辦公室監督人員(含主任、科/股長),租賃業,2592,54887,52014,2873
2015,專業人員,租賃業,173,53923,52958,965
2015,土木及水利工程師,租賃業,— ,— ,— ,— 
2015,電機工程師,租賃業,— ,— ,— ,— 
2015,電子工程師,租賃業,— ,— ,— ,— 
2015,電信工程師,租賃業,— ,— ,— ,— 
2015,平面及多媒體設計師,租賃業,— ,— ,— ,— 
2015,護理人員,租賃業,— ,— ,— ,— 
2015,勞安及衛生管理人員(含工業安全管理師),租賃業,— ,— ,— ,— 
2015,會(審)計師(含會計稽核),租賃業,— ,— ,— ,— 
2015,風險控管人員,租賃業,— ,— ,— ,— 
2015,財務、經濟及投資分析研究人員,租賃業,— ,— ,— ,— 
2015,專案管理師(含經營管理顧問),租賃業,— ,— ,— ,— 
2015,人力資源管理師,租賃業,… ,… ,… ,… 
2015,廣告及行銷專業人員(含企劃),租賃業,148,53752,52691,1061
2015,公關專業人員,租賃業,— ,— ,— ,— 
2015,資訊系統分析及設計師,租賃業,— ,— ,— ,— 
2015,軟體開發及程式設計師,租賃業,9,54883,54883,— 
2015,資料庫及網路專業人員,租賃業,11,54846,53948,898
2015,編輯、作家及有關撰稿人員,租賃業,— ,— ,— ,— 
2015,翻譯人員,租賃業,— ,— ,— ,— 
2015,技術員及助理專業人員,租賃業,1632,47799,46920,879
2015,營建工程技術員(含建築、土木、景觀、測量、水利),租賃業,— ,— ,— ,— 
2015,電機技術員,租賃業,— ,— ,— ,— 
2015,電子技術員,租賃業,— ,— ,— ,— 
2015,機械技術員(含造船、輪機、鑄造),租賃業,— ,— ,— ,— 
2015,品管技術員,租賃業,— ,— ,— ,— 
2015,環境工程技術員,租賃業,— ,— ,— ,— 
2015,石油及天然氣精煉設備操作員,租賃業,— ,— ,— ,— 
2015,勞安及衛生技術員,租賃業,— ,— ,— ,— 
2015,信用及貸款人員,租賃業,— ,— ,— ,— 
2015,會計助理員,租賃業,… ,… ,… ,… 
2015,統計及精算助理專業人員,租賃業,— ,— ,— ,— 
2015,承銷人員,租賃業,— ,— ,— ,— 
2015,工商業銷售代表(含業務員),租賃業,1436,48167,47469,698
2015,採購員,租賃業,— ,— ,— ,— 
2015,會議及活動規劃人員,租賃業,— ,— ,— ,— 
2015,職業介紹人及承包人,租賃業,— ,— ,— ,— 
2015,專業秘書,租賃業,… ,… ,… ,… 
2015,法務人員,租賃業,6,31972,31950,22
2015,資訊管理及維護技術員,租賃業,113,44214,41473,2741
2015,廣播及視聽技術員(含放映員),租賃業,— ,— ,— ,— 
2015,電信技術員,租賃業,— ,— ,— ,— 
2015,事務支援人員,租賃業,4047,27767,26312,1455
2015,總務,租賃業,579,26375,25824,551
2015,一般辦公室事務人員(含文書),租賃業,1257,31269,28252,3017
2015,資料輸入人員,租賃業,… ,… ,… ,… 
2015,收帳、收費人員(含帳款催收),租賃業,— ,— ,— ,— 
2015,旅遊諮詢人員(含旅行社事務人員),租賃業,… ,… ,… ,… 
2015,接待員及服務台事務人員,租賃業,1021,24660,24660,— 
2015,總機人員,租賃業,93,21021,21021,— 
2015,電話及網路客服人員,租賃業,31,40342,39349,993
2015,統計調查訪談人員,租賃業,— ,— ,— ,— 
2015,會計、簿記、出納,租賃業,989,27590,26166,1424
2015,存貨事務人員,租賃業,73,27931,23343,4588
2015,人事事務人員,租賃業,… ,… ,… ,… 
2015,郵件處理及投遞人員,租賃業,— ,— ,— ,— 
2015,服務及銷售工作人員,租賃業,1338,19292,19285,7
2015,隨車、船、飛機服務人員(含空服員),租賃業,— ,— ,— ,— 
2015,導遊、領隊及解說員,租賃業,— ,— ,— ,— 
2015,廚師,租賃業,— ,— ,— ,— 
2015,餐飲服務人員,租賃業,— ,— ,— ,— 
2015,按摩師,租賃業,— ,— ,— ,— 
2015,商店銷售人員(含百貨公司樓管人員),租賃業,… ,… ,… ,… 
2015,收銀員及售票員,租賃業,1225,18925,18925,— 
2015,展售說明人員,租賃業,— ,— ,— ,— 
2015,電話及網路行銷人員,租賃業,… ,… ,… ,… 
2015,加油站服務員,租賃業,— ,— ,— ,— 
2015,健康照顧人員(含看護),租賃業,— ,— ,— ,— 
2015,建築物管理員、保全及警衛人員,租賃業,— ,— ,— ,— 
2015,救生員,租賃業,— ,— ,— ,— 
2015,技藝、機械設備操作及組裝人員,租賃業,2553,29622,24198,5424
2015,園藝及農牧業生產人員,租賃業,— ,— ,— ,— 
2015,泥作工作人員,租賃業,— ,— ,— ,— 
2015,空調及冷凍機械裝修人員,租賃業,— ,— ,— ,— 
2015,產業用機器維修人員,租賃業,… ,… ,… ,… 
2015,印刷人員,租賃業,— ,— ,— ,— 
2015,建築物電力系統裝修人員(含水電工),租賃業,— ,— ,— ,— 
2015,電力機械裝修人員,租賃業,… ,… ,… ,… 
2015,資(通)訊設備裝修人員,租賃業,954,32913,21505,11408
2015,電子設備裝修人員(不含資通訊設備),租賃業,925,26880,24570,2310
2015,非食品飲料產品分級及檢查人員,租賃業,— ,— ,— ,— 
2015,消毒及除蟲有關工作人員,租賃業,— ,— ,— ,— 
2015,金屬製造設備操作員(含熔煉、鑄造、輾軋、熱處理、抽製及擠型等),租賃業,— ,— ,— ,— 
2015,印刷電路板製造工,租賃業,— ,— ,— ,— 
2015,化學產品機械操作員(不含藥品、化妝品及照相產品),租賃業,— ,— ,— ,— 
2015,包裝機械操作人員,租賃業,— ,— ,— ,— 
2015,生產線上組裝(現場)人員,租賃業,— ,— ,— ,— 
2015,機車送件駕駛人員,租賃業,— ,— ,— ,— 
2015,小客、貨車駕駛人員,租賃業,278,31539,29611,1928
2015,大客、貨車駕駛人員,租賃業,… ,… ,… ,… 
2015,推土、吊車、起重機等移運設備操作人員,租賃業,71,26163,25487,676
2015,基層技術工及勞力工,租賃業,1692,20259,20259,— 
2015,清潔工作人員(含建築清潔工),租賃業,… ,… ,… ,… 
2015,勞力工,租賃業,1691,20265,20265,— 
2015,理貨員,租賃業,— ,— ,— ,— 
2015,廚房幫工(含速食烹調),租賃業,— ,— ,— ,— 
2015,抄表員及自動販賣機收款員,租賃業,— ,— ,— ,— 
2015,停車場管理工,租賃業,— ,— ,— ,— 
2015,主管及監督人員,人力仲介業,1689,65578,62350,3228
2015,高階主管(總經理及總執行長),人力仲介業,148,152783,147316,5467
2015,中階主管(經理),人力仲介業,498,68790,67056,1734
2015,現場及辦公室監督人員(含主任、科/股長),人力仲介業,1043,51670,48046,3624
2015,專業人員,人力仲介業,4800,36008,35004,1004
2015,土木及水利工程師,人力仲介業,— ,— ,— ,— 
2015,電機工程師,人力仲介業,… ,… ,… ,… 
2015,電子工程師,人力仲介業,— ,— ,— ,— 
2015,電信工程師,人力仲介業,— ,— ,— ,— 
2015,平面及多媒體設計師,人力仲介業,… ,… ,… ,… 
2015,護理人員,人力仲介業,— ,— ,— ,— 
2015,勞安及衛生管理人員(含工業安全管理師),人力仲介業,— ,— ,— ,— 
2015,會(審)計師(含會計稽核),人力仲介業,… ,… ,… ,… 
2015,風險控管人員,人力仲介業,— ,— ,— ,— 
2015,財務、經濟及投資分析研究人員,人力仲介業,… ,… ,… ,… 
2015,專案管理師(含經營管理顧問),人力仲介業,55,76575,53944,22631
2015,人力資源管理師,人力仲介業,17,58182,50241,7941
2015,廣告及行銷專業人員(含企劃),人力仲介業,100,55412,55289,123
2015,公關專業人員,人力仲介業,— ,— ,— ,— 
2015,資訊系統分析及設計師,人力仲介業,341,77305,76442,863
2015,軟體開發及程式設計師,人力仲介業,134,48880,48664,216
2015,資料庫及網路專業人員,人力仲介業,33,50229,49890,339
2015,編輯、作家及有關撰稿人員,人力仲介業,— ,— ,— ,— 
2015,翻譯人員,人力仲介業,4035,30336,29639,697
2015,技術員及助理專業人員,人力仲介業,3406,31386,30687,699
2015,營建工程技術員(含建築、土木、景觀、測量、水利),人力仲介業,— ,— ,— ,— 
2015,電機技術員,人力仲介業,— ,— ,— ,— 
2015,電子技術員,人力仲介業,— ,— ,— ,— 
2015,機械技術員(含造船、輪機、鑄造),人力仲介業,— ,— ,— ,— 
2015,品管技術員,人力仲介業,— ,— ,— ,— 
2015,環境工程技術員,人力仲介業,— ,— ,— ,— 
2015,石油及天然氣精煉設備操作員,人力仲介業,— ,— ,— ,— 
2015,勞安及衛生技術員,人力仲介業,— ,— ,— ,— 
2015,信用及貸款人員,人力仲介業,— ,— ,— ,— 
2015,會計助理員,人力仲介業,— ,— ,— ,— 
2015,統計及精算助理專業人員,人力仲介業,— ,— ,— ,— 
2015,承銷人員,人力仲介業,— ,— ,— ,— 
2015,工商業銷售代表(含業務員),人力仲介業,167,32405,32405,— 
2015,採購員,人力仲介業,— ,— ,— ,— 
2015,會議及活動規劃人員,人力仲介業,— ,— ,— ,— 
2015,職業介紹人及承包人,人力仲介業,3223,31265,30526,739
2015,專業秘書,人力仲介業,— ,— ,— ,— 
2015,法務人員,人力仲介業,— ,— ,— ,— 
2015,資訊管理及維護技術員,人力仲介業,… ,… ,… ,… 
2015,廣播及視聽技術員(含放映員),人力仲介業,— ,— ,— ,— 
2015,電信技術員,人力仲介業,— ,— ,— ,— 
2015,事務支援人員,人力仲介業,11335,31597,29819,1778
2015,總務,人力仲介業,350,36057,33418,2639
2015,一般辦公室事務人員(含文書),人力仲介業,6856,29989,28914,1075
2015,資料輸入人員,人力仲介業,1481,34713,32116,2597
2015,收帳、收費人員(含帳款催收),人力仲介業,77,30006,30006,— 
2015,旅遊諮詢人員(含旅行社事務人員),人力仲介業,— ,— ,— ,— 
2015,接待員及服務台事務人員,人力仲介業,… ,… ,… ,… 
2015,總機人員,人力仲介業,103,26570,26570,— 
2015,電話及網路客服人員,人力仲介業,504,52350,41530,10820
2015,統計調查訪談人員,人力仲介業,— ,— ,— ,— 
2015,會計、簿記、出納,人力仲介業,1214,30559,29721,838
2015,存貨事務人員,人力仲介業,… ,… ,… ,… 
2015,人事事務人員,人力仲介業,426,35326,32350,2976
2015,郵件處理及投遞人員,人力仲介業,— ,— ,— ,— 
2015,服務及銷售工作人員,人力仲介業,229,48676,28940,19736
2015,隨車、船、飛機服務人員(含空服員),人力仲介業,— ,— ,— ,— 
2015,導遊、領隊及解說員,人力仲介業,— ,— ,— ,— 
2015,廚師,人力仲介業,— ,— ,— ,— 
2015,餐飲服務人員,人力仲介業,— ,— ,— ,— 
2015,按摩師,人力仲介業,— ,— ,— ,— 
2015,商店銷售人員(含百貨公司樓管人員),人力仲介業,— ,— ,— ,— 
2015,收銀員及售票員,人力仲介業,— ,— ,— ,— 
2015,展售說明人員,人力仲介業,— ,— ,— ,— 
2015,電話及網路行銷人員,人力仲介業,48,93432,42854,50578
2015,加油站服務員,人力仲介業,— ,— ,— ,— 
2015,健康照顧人員(含看護),人力仲介業,— ,— ,— ,— 
2015,建築物管理員、保全及警衛人員,人力仲介業,… ,… ,… ,… 
2015,救生員,人力仲介業,— ,— ,— ,— 
2015,技藝、機械設備操作及組裝人員,人力仲介業,320,34798,34798,— 
2015,園藝及農牧業生產人員,人力仲介業,— ,— ,— ,— 
2015,泥作工作人員,人力仲介業,— ,— ,— ,— 
2015,空調及冷凍機械裝修人員,人力仲介業,— ,— ,— ,— 
2015,產業用機器維修人員,人力仲介業,— ,— ,— ,— 
2015,印刷人員,人力仲介業,— ,— ,— ,— 
2015,建築物電力系統裝修人員(含水電工),人力仲介業,… ,… ,… ,… 
2015,電力機械裝修人員,人力仲介業,— ,— ,— ,— 
2015,資(通)訊設備裝修人員,人力仲介業,— ,— ,— ,— 
2015,電子設備裝修人員(不含資通訊設備),人力仲介業,— ,— ,— ,— 
2015,非食品飲料產品分級及檢查人員,人力仲介業,— ,— ,— ,— 
2015,消毒及除蟲有關工作人員,人力仲介業,— ,— ,— ,— 
2015,金屬製造設備操作員(含熔煉、鑄造、輾軋、熱處理、抽製及擠型等),人力仲介業,— ,— ,— ,— 
2015,印刷電路板製造工,人力仲介業,— ,— ,— ,— 
2015,化學產品機械操作員(不含藥品、化妝品及照相產品),人力仲介業,— ,— ,— ,— 
2015,包裝機械操作人員,人力仲介業,— ,— ,— ,— 
2015,生產線上組裝(現場)人員,人力仲介業,— ,— ,— ,— 
2015,機車送件駕駛人員,人力仲介業,… ,… ,… ,… 
2015,小客、貨車駕駛人員,人力仲介業,… ,… ,… ,… 
2015,大客、貨車駕駛人員,人力仲介業,— ,— ,— ,— 
2015,推土、吊車、起重機等移運設備操作人員,人力仲介業,— ,— ,— ,— 
2015,基層技術工及勞力工,人力仲介業,367,25710,25710,— 
2015,清潔工作人員(含建築清潔工),人力仲介業,30,24888,24888,— 
2015,勞力工,人力仲介業,— ,— ,— ,— 
2015,理貨員,人力仲介業,— ,— ,— ,— 
2015,廚房幫工(含速食烹調),人力仲介業,337,25783,25783,— 
2015,抄表員及自動販賣機收款員,人力仲介業,— ,— ,— ,— 
2015,停車場管理工,人力仲介業,— ,— ,— ,— 
2015,主管及監督人員,人力供應業,3090,76043,74839,1204
2015,高階主管(總經理及總執行長),人力供應業,85,151757,145501,6256
2015,中階主管(經理),人力供應業,737,101145,99427,1718
2015,現場及辦公室監督人員(含主任、科/股長),人力供應業,2268,65048,64200,848
2015,專業人員,人力供應業,3501,52536,50977,1559
2015,土木及水利工程師,人力供應業,— ,— ,— ,— 
2015,電機工程師,人力供應業,1190,67690,64183,3507
2015,電子工程師,人力供應業,345,50336,50090,246
2015,電信工程師,人力供應業,… ,… ,… ,… 
2015,平面及多媒體設計師,人力供應業,152,36292,36012,280
2015,護理人員,人力供應業,48,32506,32506,— 
2015,勞安及衛生管理人員(含工業安全管理師),人力供應業,… ,… ,… ,… 
2015,會(審)計師(含會計稽核),人力供應業,— ,— ,— ,— 
2015,風險控管人員,人力供應業,— ,— ,— ,— 
2015,財務、經濟及投資分析研究人員,人力供應業,— ,— ,— ,— 
2015,專案管理師(含經營管理顧問),人力供應業,479,46507,46369,138
2015,人力資源管理師,人力供應業,519,51349,49737,1612
2015,廣告及行銷專業人員(含企劃),人力供應業,585,36411,36196,215
2015,公關專業人員,人力供應業,— ,— ,— ,— 
2015,資訊系統分析及設計師,人力供應業,79,47839,47773,66
2015,軟體開發及程式設計師,人力供應業,70,45650,44696,954
2015,資料庫及網路專業人員,人力供應業,— ,— ,— ,— 
2015,編輯、作家及有關撰稿人員,人力供應業,… ,… ,… ,… 
2015,翻譯人員,人力供應業,11,44589,42083,2506
2015,技術員及助理專業人員,人力供應業,6256,39136,36845,2291
2015,營建工程技術員(含建築、土木、景觀、測量、水利),人力供應業,… ,… ,… ,… 
2015,電機技術員,人力供應業,22,45501,45019,482
2015,電子技術員,人力供應業,… ,… ,… ,… 
2015,機械技術員(含造船、輪機、鑄造),人力供應業,10,35021,34694,327
2015,品管技術員,人力供應業,… ,… ,… ,… 
2015,環境工程技術員,人力供應業,8,39891,39453,438
2015,石油及天然氣精煉設備操作員,人力供應業,… ,… ,… ,… 
2015,勞安及衛生技術員,人力供應業,— ,— ,— ,— 
2015,信用及貸款人員,人力供應業,214,32743,31912,831
2015,會計助理員,人力供應業,— ,— ,— ,— 
2015,統計及精算助理專業人員,人力供應業,— ,— ,— ,— 
2015,承銷人員,人力供應業,… ,… ,… ,… 
2015,工商業銷售代表(含業務員),人力供應業,2144,34110,34036,74
2015,採購員,人力供應業,… ,… ,… ,… 
2015,會議及活動規劃人員,人力供應業,— ,— ,— ,— 
2015,職業介紹人及承包人,人力供應業,2700,42499,41252,1247
2015,專業秘書,人力供應業,15,47811,46523,1288
2015,法務人員,人力供應業,… ,… ,… ,… 
2015,資訊管理及維護技術員,人力供應業,643,28688,28590,98
2015,廣播及視聽技術員(含放映員),人力供應業,… ,… ,… ,… 
2015,電信技術員,人力供應業,… ,… ,… ,… 
2015,事務支援人員,人力供應業,32029,35223,34056,1167
2015,總務,人力供應業,1536,27666,27468,198
2015,一般辦公室事務人員(含文書),人力供應業,11846,37552,35140,2412
2015,資料輸入人員,人力供應業,3365,32197,32001,196
2015,收帳、收費人員(含帳款催收),人力供應業,1230,32595,32046,549
2015,旅遊諮詢人員(含旅行社事務人員),人力供應業,— ,— ,— ,— 
2015,接待員及服務台事務人員,人力供應業,1285,31103,31056,47
2015,總機人員,人力供應業,856,34413,32341,2072
2015,電話及網路客服人員,人力供應業,3557,36639,36358,281
2015,統計調查訪談人員,人力供應業,68,34767,30920,3847
2015,會計、簿記、出納,人力供應業,3462,31602,31204,398
2015,存貨事務人員,人力供應業,64,35257,34328,929
2015,人事事務人員,人力供應業,4760,37527,36973,554
2015,郵件處理及投遞人員,人力供應業,— ,— ,— ,— 
2015,服務及銷售工作人員,人力供應業,5742,34662,32756,1906
2015,隨車、船、飛機服務人員(含空服員),人力供應業,… ,… ,… ,… 
2015,導遊、領隊及解說員,人力供應業,103,35163,35163,— 
2015,廚師,人力供應業,… ,… ,… ,… 
2015,餐飲服務人員,人力供應業,… ,… ,… ,… 
2015,按摩師,人力供應業,— ,— ,— ,— 
2015,商店銷售人員(含百貨公司樓管人員),人力供應業,2063,38850,35373,3477
2015,收銀員及售票員,人力供應業,22,29384,29384,— 
2015,展售說明人員,人力供應業,651,39802,37419,2383
2015,電話及網路行銷人員,人力供應業,1053,37197,35479,1718
2015,加油站服務員,人力供應業,… ,… ,… ,… 
2015,健康照顧人員(含看護),人力供應業,1248,27205,27205,— 
2015,建築物管理員、保全及警衛人員,人力供應業,66,31429,29825,1604
2015,救生員,人力供應業,… ,… ,… ,… 
2015,技藝、機械設備操作及組裝人員,人力供應業,47934,34232,31125,3107
2015,園藝及農牧業生產人員,人力供應業,… ,… ,… ,… 
2015,泥作工作人員,人力供應業,— ,— ,— ,— 
2015,空調及冷凍機械裝修人員,人力供應業,— ,— ,— ,— 
2015,產業用機器維修人員,人力供應業,734,31674,31307,367
2015,印刷人員,人力供應業,— ,— ,— ,— 
2015,建築物電力系統裝修人員(含水電工),人力供應業,559,51231,48719,2512
2015,電力機械裝修人員,人力供應業,3430,40593,38874,1719
2015,資(通)訊設備裝修人員,人力供應業,1080,46259,45157,1102
2015,電子設備裝修人員(不含資通訊設備),人力供應業,8326,35779,31748,4031
2015,非食品飲料產品分級及檢查人員,人力供應業,… ,… ,… ,… 
2015,消毒及除蟲有關工作人員,人力供應業,— ,— ,— ,— 
2015,金屬製造設備操作員(含熔煉、鑄造、輾軋、熱處理、抽製及擠型等),人力供應業,… ,… ,… ,… 
2015,印刷電路板製造工,人力供應業,245,22555,20807,1748
2015,化學產品機械操作員(不含藥品、化妝品及照相產品),人力供應業,… ,… ,… ,… 
2015,包裝機械操作人員,人力供應業,— ,— ,— ,— 
2015,生產線上組裝(現場)人員,人力供應業,27380,28996,26346,2650
2015,機車送件駕駛人員,人力供應業,— ,— ,— ,— 
2015,小客、貨車駕駛人員,人力供應業,3291,46227,41334,4893
2015,大客、貨車駕駛人員,人力供應業,1453,54139,54049,90
2015,推土、吊車、起重機等移運設備操作人員,人力供應業,492,44412,42474,1938
2015,基層技術工及勞力工,人力供應業,13848,31057,28307,2750
2015,清潔工作人員(含建築清潔工),人力供應業,2644,27145,26322,823
2015,勞力工,人力供應業,5652,27510,26249,1261
2015,理貨員,人力供應業,5533,36572,31370,5202
2015,廚房幫工(含速食烹調),人力供應業,19,24801,24801,— 
2015,抄表員及自動販賣機收款員,人力供應業,— ,— ,— ,— 
2015,停車場管理工,人力供應業,— ,— ,— ,— 
2015,主管及監督人員,旅行及相關代訂服務業,4841,61414,57298,4116
2015,高階主管(總經理及總執行長),旅行及相關代訂服務業,74,124669,122661,2008
2015,中階主管(經理),旅行及相關代訂服務業,879,74287,73435,852
2015,現場及辦公室監督人員(含主任、科/股長),旅行及相關代訂服務業,3888,57300,52406,4894
2015,專業人員,旅行及相關代訂服務業,291,49063,47811,1252
2015,土木及水利工程師,旅行及相關代訂服務業,— ,— ,— ,— 
2015,電機工程師,旅行及相關代訂服務業,— ,— ,— ,— 
2015,電子工程師,旅行及相關代訂服務業,— ,— ,— ,— 
2015,電信工程師,旅行及相關代訂服務業,— ,— ,— ,— 
2015,平面及多媒體設計師,旅行及相關代訂服務業,46,43863,43675,188
2015,護理人員,旅行及相關代訂服務業,— ,— ,— ,— 
2015,勞安及衛生管理人員(含工業安全管理師),旅行及相關代訂服務業,— ,— ,— ,— 
2015,會(審)計師(含會計稽核),旅行及相關代訂服務業,— ,— ,— ,— 
2015,風險控管人員,旅行及相關代訂服務業,— ,— ,— ,— 
2015,財務、經濟及投資分析研究人員,旅行及相關代訂服務業,… ,… ,… ,… 
2015,專案管理師(含經營管理顧問),旅行及相關代訂服務業,21,56719,55666,1053
2015,人力資源管理師,旅行及相關代訂服務業,23,49269,46775,2494
2015,廣告及行銷專業人員(含企劃),旅行及相關代訂服務業,129,47323,45384,1939
2015,公關專業人員,旅行及相關代訂服務業,— ,— ,— ,— 
2015,資訊系統分析及設計師,旅行及相關代訂服務業,30,56093,56093,— 
2015,軟體開發及程式設計師,旅行及相關代訂服務業,… ,… ,… ,… 
2015,資料庫及網路專業人員,旅行及相關代訂服務業,15,52784,52784,— 
2015,編輯、作家及有關撰稿人員,旅行及相關代訂服務業,— ,— ,— ,— 
2015,翻譯人員,旅行及相關代訂服務業,… ,… ,… ,… 
2015,技術員及助理專業人員,旅行及相關代訂服務業,2623,45410,35577,9833
2015,營建工程技術員(含建築、土木、景觀、測量、水利),旅行及相關代訂服務業,— ,— ,— ,— 
2015,電機技術員,旅行及相關代訂服務業,— ,— ,— ,— 
2015,電子技術員,旅行及相關代訂服務業,— ,— ,— ,— 
2015,機械技術員(含造船、輪機、鑄造),旅行及相關代訂服務業,— ,— ,— ,— 
2015,品管技術員,旅行及相關代訂服務業,— ,— ,— ,— 
2015,環境工程技術員,旅行及相關代訂服務業,— ,— ,— ,— 
2015,石油及天然氣精煉設備操作員,旅行及相關代訂服務業,— ,— ,— ,— 
2015,勞安及衛生技術員,旅行及相關代訂服務業,— ,— ,— ,— 
2015,信用及貸款人員,旅行及相關代訂服務業,— ,— ,— ,— 
2015,會計助理員,旅行及相關代訂服務業,— ,— ,— ,— 
2015,統計及精算助理專業人員,旅行及相關代訂服務業,— ,— ,— ,— 
2015,承銷人員,旅行及相關代訂服務業,— ,— ,— ,— 
2015,工商業銷售代表(含業務員),旅行及相關代訂服務業,2616,45337,35513,9824
2015,採購員,旅行及相關代訂服務業,— ,— ,— ,— 
2015,會議及活動規劃人員,旅行及相關代訂服務業,— ,— ,— ,— 
2015,職業介紹人及承包人,旅行及相關代訂服務業,— ,— ,— ,— 
2015,專業秘書,旅行及相關代訂服務業,… ,… ,… ,… 
2015,法務人員,旅行及相關代訂服務業,… ,… ,… ,… 
2015,資訊管理及維護技術員,旅行及相關代訂服務業,… ,… ,… ,… 
2015,廣播及視聽技術員(含放映員),旅行及相關代訂服務業,— ,— ,— ,— 
2015,電信技術員,旅行及相關代訂服務業,— ,— ,— ,— 
2015,事務支援人員,旅行及相關代訂服務業,19837,36259,33340,2919
2015,總務,旅行及相關代訂服務業,171,36704,31847,4857
2015,一般辦公室事務人員(含文書),旅行及相關代訂服務業,2225,30756,29719,1037
2015,資料輸入人員,旅行及相關代訂服務業,273,19603,19603,— 
2015,收帳、收費人員(含帳款催收),旅行及相關代訂服務業,337,35757,34102,1655
2015,旅遊諮詢人員(含旅行社事務人員),旅行及相關代訂服務業,13606,37795,33820,3975
2015,接待員及服務台事務人員,旅行及相關代訂服務業,301,28359,28327,32
2015,總機人員,旅行及相關代訂服務業,237,31288,31278,10
2015,電話及網路客服人員,旅行及相關代訂服務業,661,34383,34377,6
2015,統計調查訪談人員,旅行及相關代訂服務業,— ,— ,— ,— 
2015,會計、簿記、出納,旅行及相關代訂服務業,1861,36781,36742,39
2015,存貨事務人員,旅行及相關代訂服務業,— ,— ,— ,— 
2015,人事事務人員,旅行及相關代訂服務業,165,35150,34943,207
2015,郵件處理及投遞人員,旅行及相關代訂服務業,— ,— ,— ,— 
2015,服務及銷售工作人員,旅行及相關代訂服務業,2013,37442,37311,131
2015,隨車、船、飛機服務人員(含空服員),旅行及相關代訂服務業,— ,— ,— ,— 
2015,導遊、領隊及解說員,旅行及相關代訂服務業,1997,37491,37359,132
2015,廚師,旅行及相關代訂服務業,— ,— ,— ,— 
2015,餐飲服務人員,旅行及相關代訂服務業,— ,— ,— ,— 
2015,按摩師,旅行及相關代訂服務業,… ,… ,… ,… 
2015,商店銷售人員(含百貨公司樓管人員),旅行及相關代訂服務業,— ,— ,— ,— 
2015,收銀員及售票員,旅行及相關代訂服務業,— ,— ,— ,— 
2015,展售說明人員,旅行及相關代訂服務業,— ,— ,— ,— 
2015,電話及網路行銷人員,旅行及相關代訂服務業,15,31601,31601,— 
2015,加油站服務員,旅行及相關代訂服務業,— ,— ,— ,— 
2015,健康照顧人員(含看護),旅行及相關代訂服務業,— ,— ,— ,— 
2015,建築物管理員、保全及警衛人員,旅行及相關代訂服務業,— ,— ,— ,— 
2015,救生員,旅行及相關代訂服務業,— ,— ,— ,— 
2015,技藝、機械設備操作及組裝人員,旅行及相關代訂服務業,6,33545,31958,1587
2015,園藝及農牧業生產人員,旅行及相關代訂服務業,— ,— ,— ,— 
2015,泥作工作人員,旅行及相關代訂服務業,— ,— ,— ,— 
2015,空調及冷凍機械裝修人員,旅行及相關代訂服務業,— ,— ,— ,— 
2015,產業用機器維修人員,旅行及相關代訂服務業,— ,— ,— ,— 
2015,印刷人員,旅行及相關代訂服務業,— ,— ,— ,— 
2015,建築物電力系統裝修人員(含水電工),旅行及相關代訂服務業,— ,— ,— ,— 
2015,電力機械裝修人員,旅行及相關代訂服務業,— ,— ,— ,— 
2015,資(通)訊設備裝修人員,旅行及相關代訂服務業,— ,— ,— ,— 
2015,電子設備裝修人員(不含資通訊設備),旅行及相關代訂服務業,— ,— ,— ,— 
2015,非食品飲料產品分級及檢查人員,旅行及相關代訂服務業,— ,— ,— ,— 
2015,消毒及除蟲有關工作人員,旅行及相關代訂服務業,— ,— ,— ,— 
2015,金屬製造設備操作員(含熔煉、鑄造、輾軋、熱處理、抽製及擠型等),旅行及相關代訂服務業,— ,— ,— ,— 
2015,印刷電路板製造工,旅行及相關代訂服務業,— ,— ,— ,— 
2015,化學產品機械操作員(不含藥品、化妝品及照相產品),旅行及相關代訂服務業,— ,— ,— ,— 
2015,包裝機械操作人員,旅行及相關代訂服務業,— ,— ,— ,— 
2015,生產線上組裝(現場)人員,旅行及相關代訂服務業,— ,— ,— ,— 
2015,機車送件駕駛人員,旅行及相關代訂服務業,— ,— ,— ,— 
2015,小客、貨車駕駛人員,旅行及相關代訂服務業,6,33545,31958,1587
2015,大客、貨車駕駛人員,旅行及相關代訂服務業,— ,— ,— ,— 
2015,推土、吊車、起重機等移運設備操作人員,旅行及相關代訂服務業,— ,— ,— ,— 
2015,基層技術工及勞力工,旅行及相關代訂服務業,… ,… ,… ,… 
2015,清潔工作人員(含建築清潔工),旅行及相關代訂服務業,… ,… ,… ,… 
2015,勞力工,旅行及相關代訂服務業,— ,— ,— ,— 
2015,理貨員,旅行及相關代訂服務業,— ,— ,— ,— 
2015,廚房幫工(含速食烹調),旅行及相關代訂服務業,— ,— ,— ,— 
2015,抄表員及自動販賣機收款員,旅行及相關代訂服務業,— ,— ,— ,— 
2015,停車場管理工,旅行及相關代訂服務業,— ,— ,— ,— 
2015,主管及監督人員,保全及私家偵探服務業,8265,49722,47040,2682
2015,高階主管(總經理及總執行長),保全及私家偵探服務業,435,102790,98317,4473
2015,中階主管(經理),保全及私家偵探服務業,1974,60819,58076,2743
2015,現場及辦公室監督人員(含主任、科/股長),保全及私家偵探服務業,5856,42038,39510,2528
2015,專業人員,保全及私家偵探服務業,247,40139,40139,— 
2015,土木及水利工程師,保全及私家偵探服務業,— ,— ,— ,— 
2015,電機工程師,保全及私家偵探服務業,— ,— ,— ,— 
2015,電子工程師,保全及私家偵探服務業,… ,… ,… ,… 
2015,電信工程師,保全及私家偵探服務業,— ,— ,— ,— 
2015,平面及多媒體設計師,保全及私家偵探服務業,— ,— ,— ,— 
2015,護理人員,保全及私家偵探服務業,— ,— ,— ,— 
2015,勞安及衛生管理人員(含工業安全管理師),保全及私家偵探服務業,— ,— ,— ,— 
2015,會(審)計師(含會計稽核),保全及私家偵探服務業,— ,— ,— ,— 
2015,風險控管人員,保全及私家偵探服務業,— ,— ,— ,— 
2015,財務、經濟及投資分析研究人員,保全及私家偵探服務業,— ,— ,— ,— 
2015,專案管理師(含經營管理顧問),保全及私家偵探服務業,— ,— ,— ,— 
2015,人力資源管理師,保全及私家偵探服務業,— ,— ,— ,— 
2015,廣告及行銷專業人員(含企劃),保全及私家偵探服務業,126,33481,33481,— 
2015,公關專業人員,保全及私家偵探服務業,— ,— ,— ,— 
2015,資訊系統分析及設計師,保全及私家偵探服務業,— ,— ,— ,— 
2015,軟體開發及程式設計師,保全及私家偵探服務業,… ,… ,… ,… 
2015,資料庫及網路專業人員,保全及私家偵探服務業,— ,— ,— ,— 
2015,編輯、作家及有關撰稿人員,保全及私家偵探服務業,— ,— ,— ,— 
2015,翻譯人員,保全及私家偵探服務業,— ,— ,— ,— 
2015,技術員及助理專業人員,保全及私家偵探服務業,3400,38183,33174,5009
2015,營建工程技術員(含建築、土木、景觀、測量、水利),保全及私家偵探服務業,— ,— ,— ,— 
2015,電機技術員,保全及私家偵探服務業,— ,— ,— ,— 
2015,電子技術員,保全及私家偵探服務業,… ,… ,… ,… 
2015,機械技術員(含造船、輪機、鑄造),保全及私家偵探服務業,— ,— ,— ,— 
2015,品管技術員,保全及私家偵探服務業,— ,— ,— ,— 
2015,環境工程技術員,保全及私家偵探服務業,— ,— ,— ,— 
2015,石油及天然氣精煉設備操作員,保全及私家偵探服務業,— ,— ,— ,— 
2015,勞安及衛生技術員,保全及私家偵探服務業,— ,— ,— ,— 
2015,信用及貸款人員,保全及私家偵探服務業,— ,— ,— ,— 
2015,會計助理員,保全及私家偵探服務業,93,42082,41626,456
2015,統計及精算助理專業人員,保全及私家偵探服務業,— ,— ,— ,— 
2015,承銷人員,保全及私家偵探服務業,— ,— ,— ,— 
2015,工商業銷售代表(含業務員),保全及私家偵探服務業,2385,36664,31228,5436
2015,採購員,保全及私家偵探服務業,— ,— ,— ,— 
2015,會議及活動規劃人員,保全及私家偵探服務業,— ,— ,— ,— 
2015,職業介紹人及承包人,保全及私家偵探服務業,— ,— ,— ,— 
2015,專業秘書,保全及私家偵探服務業,33,46492,46111,381
2015,法務人員,保全及私家偵探服務業,47,46717,43017,3700
2015,資訊管理及維護技術員,保全及私家偵探服務業,663,43963,38175,5788
2015,廣播及視聽技術員(含放映員),保全及私家偵探服務業,— ,— ,— ,— 
2015,電信技術員,保全及私家偵探服務業,— ,— ,— ,— 
2015,事務支援人員,保全及私家偵探服務業,3978,30544,28701,1843
2015,總務,保全及私家偵探服務業,135,29824,28236,1588
2015,一般辦公室事務人員(含文書),保全及私家偵探服務業,2682,31651,29415,2236
2015,資料輸入人員,保全及私家偵探服務業,20,26892,26548,344
2015,收帳、收費人員(含帳款催收),保全及私家偵探服務業,183,33562,30930,2632
2015,旅遊諮詢人員(含旅行社事務人員),保全及私家偵探服務業,— ,— ,— ,— 
2015,接待員及服務台事務人員,保全及私家偵探服務業,148,24807,24613,194
2015,總機人員,保全及私家偵探服務業,30,31629,25372,6257
2015,電話及網路客服人員,保全及私家偵探服務業,81,28115,28115,— 
2015,統計調查訪談人員,保全及私家偵探服務業,— ,— ,— ,— 
2015,會計、簿記、出納,保全及私家偵探服務業,448,26330,26035,295
2015,存貨事務人員,保全及私家偵探服務業,… ,… ,… ,… 
2015,人事事務人員,保全及私家偵探服務業,247,28779,27645,1134
2015,郵件處理及投遞人員,保全及私家偵探服務業,— ,— ,— ,— 
2015,服務及銷售工作人員,保全及私家偵探服務業,74791,28722,26254,2468
2015,隨車、船、飛機服務人員(含空服員),保全及私家偵探服務業,— ,— ,— ,— 
2015,導遊、領隊及解說員,保全及私家偵探服務業,— ,— ,— ,— 
2015,廚師,保全及私家偵探服務業,— ,— ,— ,— 
2015,餐飲服務人員,保全及私家偵探服務業,— ,— ,— ,— 
2015,按摩師,保全及私家偵探服務業,— ,— ,— ,— 
2015,商店銷售人員(含百貨公司樓管人員),保全及私家偵探服務業,— ,— ,— ,— 
2015,收銀員及售票員,保全及私家偵探服務業,— ,— ,— ,— 
2015,展售說明人員,保全及私家偵探服務業,— ,— ,— ,— 
2015,電話及網路行銷人員,保全及私家偵探服務業,— ,— ,— ,— 
2015,加油站服務員,保全及私家偵探服務業,— ,— ,— ,— 
2015,健康照顧人員(含看護),保全及私家偵探服務業,— ,— ,— ,— 
2015,建築物管理員、保全及警衛人員,保全及私家偵探服務業,74791,28722,26254,2468
2015,救生員,保全及私家偵探服務業,— ,— ,— ,— 
2015,技藝、機械設備操作及組裝人員,保全及私家偵探服務業,381,28366,27488,878
2015,園藝及農牧業生產人員,保全及私家偵探服務業,— ,— ,— ,— 
2015,泥作工作人員,保全及私家偵探服務業,— ,— ,— ,— 
2015,空調及冷凍機械裝修人員,保全及私家偵探服務業,— ,— ,— ,— 
2015,產業用機器維修人員,保全及私家偵探服務業,— ,— ,— ,— 
2015,印刷人員,保全及私家偵探服務業,— ,— ,— ,— 
2015,建築物電力系統裝修人員(含水電工),保全及私家偵探服務業,17,27069,27069,— 
2015,電力機械裝修人員,保全及私家偵探服務業,64,26522,26337,185
2015,資(通)訊設備裝修人員,保全及私家偵探服務業,… ,… ,… ,… 
2015,電子設備裝修人員(不含資通訊設備),保全及私家偵探服務業,179,21813,21128,685
2015,非食品飲料產品分級及檢查人員,保全及私家偵探服務業,— ,— ,— ,— 
2015,消毒及除蟲有關工作人員,保全及私家偵探服務業,— ,— ,— ,— 
2015,金屬製造設備操作員(含熔煉、鑄造、輾軋、熱處理、抽製及擠型等),保全及私家偵探服務業,— ,— ,— ,— 
2015,印刷電路板製造工,保全及私家偵探服務業,— ,— ,— ,— 
2015,化學產品機械操作員(不含藥品、化妝品及照相產品),保全及私家偵探服務業,— ,— ,— ,— 
2015,包裝機械操作人員,保全及私家偵探服務業,— ,— ,— ,— 
2015,生產線上組裝(現場)人員,保全及私家偵探服務業,— ,— ,— ,— 
2015,機車送件駕駛人員,保全及私家偵探服務業,— ,— ,— ,— 
2015,小客、貨車駕駛人員,保全及私家偵探服務業,— ,— ,— ,— 
2015,大客、貨車駕駛人員,保全及私家偵探服務業,— ,— ,— ,— 
2015,推土、吊車、起重機等移運設備操作人員,保全及私家偵探服務業,— ,— ,— ,— 
2015,基層技術工及勞力工,保全及私家偵探服務業,458,20978,20554,424
2015,清潔工作人員(含建築清潔工),保全及私家偵探服務業,458,20978,20554,424
2015,勞力工,保全及私家偵探服務業,— ,— ,— ,— 
2015,理貨員,保全及私家偵探服務業,— ,— ,— ,— 
2015,廚房幫工(含速食烹調),保全及私家偵探服務業,— ,— ,— ,— 
2015,抄表員及自動販賣機收款員,保全及私家偵探服務業,— ,— ,— ,— 
2015,停車場管理工,保全及私家偵探服務業,— ,— ,— ,— 
2015,主管及監督人員,建築物及綠化服務業,5960,51234,48830,2404
2015,高階主管(總經理及總執行長),建築物及綠化服務業,225,130597,127265,3332
2015,中階主管(經理),建築物及綠化服務業,631,70968,68494,2474
2015,現場及辦公室監督人員(含主任、科/股長),建築物及綠化服務業,5104,45296,42941,2355
2015,專業人員,建築物及綠化服務業,146,52830,51466,1364
2015,土木及水利工程師,建築物及綠化服務業,… ,… ,… ,… 
2015,電機工程師,建築物及綠化服務業,41,54193,51550,2643
2015,電子工程師,建築物及綠化服務業,… ,… ,… ,… 
2015,電信工程師,建築物及綠化服務業,— ,— ,— ,— 
2015,平面及多媒體設計師,建築物及綠化服務業,— ,— ,— ,— 
2015,護理人員,建築物及綠化服務業,— ,— ,— ,— 
2015,勞安及衛生管理人員(含工業安全管理師),建築物及綠化服務業,42,40605,40605,— 
2015,會(審)計師(含會計稽核),建築物及綠化服務業,— ,— ,— ,— 
2015,風險控管人員,建築物及綠化服務業,— ,— ,— ,— 
2015,財務、經濟及投資分析研究人員,建築物及綠化服務業,— ,— ,— ,— 
2015,專案管理師(含經營管理顧問),建築物及綠化服務業,10,87812,80370,7442
2015,人力資源管理師,建築物及綠化服務業,… ,… ,… ,… 
2015,廣告及行銷專業人員(含企劃),建築物及綠化服務業,10,39920,39920,— 
2015,公關專業人員,建築物及綠化服務業,… ,… ,… ,… 
2015,資訊系統分析及設計師,建築物及綠化服務業,… ,… ,… ,… 
2015,軟體開發及程式設計師,建築物及綠化服務業,— ,— ,— ,— 
2015,資料庫及網路專業人員,建築物及綠化服務業,… ,… ,… ,… 
2015,編輯、作家及有關撰稿人員,建築物及綠化服務業,— ,— ,— ,— 
2015,翻譯人員,建築物及綠化服務業,… ,… ,… ,… 
2015,技術員及助理專業人員,建築物及綠化服務業,1818,35420,33454,1966
2015,營建工程技術員(含建築、土木、景觀、測量、水利),建築物及綠化服務業,— ,— ,— ,— 
2015,電機技術員,建築物及綠化服務業,307,42614,37202,5412
2015,電子技術員,建築物及綠化服務業,— ,— ,— ,— 
2015,機械技術員(含造船、輪機、鑄造),建築物及綠化服務業,— ,— ,— ,— 
2015,品管技術員,建築物及綠化服務業,… ,… ,… ,… 
2015,環境工程技術員,建築物及綠化服務業,1117,29766,29144,622
2015,石油及天然氣精煉設備操作員,建築物及綠化服務業,— ,— ,— ,— 
2015,勞安及衛生技術員,建築物及綠化服務業,72,30801,30801,— 
2015,信用及貸款人員,建築物及綠化服務業,— ,— ,— ,— 
2015,會計助理員,建築物及綠化服務業,151,52910,48198,4712
2015,統計及精算助理專業人員,建築物及綠化服務業,— ,— ,— ,— 
2015,承銷人員,建築物及綠化服務業,— ,— ,— ,— 
2015,工商業銷售代表(含業務員),建築物及綠化服務業,92,45203,41014,4189
2015,採購員,建築物及綠化服務業,… ,… ,… ,… 
2015,會議及活動規劃人員,建築物及綠化服務業,— ,— ,— ,— 
2015,職業介紹人及承包人,建築物及綠化服務業,— ,— ,— ,— 
2015,專業秘書,建築物及綠化服務業,23,54829,51117,3712
2015,法務人員,建築物及綠化服務業,… ,… ,… ,… 
2015,資訊管理及維護技術員,建築物及綠化服務業,23,40514,40514,— 
2015,廣播及視聽技術員(含放映員),建築物及綠化服務業,— ,— ,— ,— 
2015,電信技術員,建築物及綠化服務業,— ,— ,— ,— 
2015,事務支援人員,建築物及綠化服務業,3661,31286,28617,2669
2015,總務,建築物及綠化服務業,148,30996,30681,315
2015,一般辦公室事務人員(含文書),建築物及綠化服務業,1823,30508,28059,2449
2015,資料輸入人員,建築物及綠化服務業,93,25983,25957,26
2015,收帳、收費人員(含帳款催收),建築物及綠化服務業,78,30179,24796,5383
2015,旅遊諮詢人員(含旅行社事務人員),建築物及綠化服務業,— ,— ,— ,— 
2015,接待員及服務台事務人員,建築物及綠化服務業,392,33832,27915,5917
2015,總機人員,建築物及綠化服務業,32,28970,28677,293
2015,電話及網路客服人員,建築物及綠化服務業,— ,— ,— ,— 
2015,統計調查訪談人員,建築物及綠化服務業,— ,— ,— ,— 
2015,會計、簿記、出納,建築物及綠化服務業,690,34873,31549,3324
2015,存貨事務人員,建築物及綠化服務業,7,35190,33215,1975
2015,人事事務人員,建築物及綠化服務業,398,27806,27294,512
2015,郵件處理及投遞人員,建築物及綠化服務業,— ,— ,— ,— 
2015,服務及銷售工作人員,建築物及綠化服務業,4277,30840,27635,3205
2015,隨車、船、飛機服務人員(含空服員),建築物及綠化服務業,— ,— ,— ,— 
2015,導遊、領隊及解說員,建築物及綠化服務業,— ,— ,— ,— 
2015,廚師,建築物及綠化服務業,30,40473,40473,— 
2015,餐飲服務人員,建築物及綠化服務業,— ,— ,— ,— 
2015,按摩師,建築物及綠化服務業,… ,… ,… ,… 
2015,商店銷售人員(含百貨公司樓管人員),建築物及綠化服務業,— ,— ,— ,— 
2015,收銀員及售票員,建築物及綠化服務業,… ,… ,… ,… 
2015,展售說明人員,建築物及綠化服務業,— ,— ,— ,— 
2015,電話及網路行銷人員,建築物及綠化服務業,— ,— ,— ,— 
2015,加油站服務員,建築物及綠化服務業,— ,— ,— ,— 
2015,健康照顧人員(含看護),建築物及綠化服務業,— ,— ,— ,— 
2015,建築物管理員、保全及警衛人員,建築物及綠化服務業,4216,30740,27527,3213
2015,救生員,建築物及綠化服務業,— ,— ,— ,— 
2015,技藝、機械設備操作及組裝人員,建築物及綠化服務業,1707,34370,31529,2841
2015,園藝及農牧業生產人員,建築物及綠化服務業,104,33068,33068,— 
2015,泥作工作人員,建築物及綠化服務業,… ,… ,… ,… 
2015,空調及冷凍機械裝修人員,建築物及綠化服務業,… ,… ,… ,… 
2015,產業用機器維修人員,建築物及綠化服務業,… ,… ,… ,… 
2015,印刷人員,建築物及綠化服務業,— ,— ,— ,— 
2015,建築物電力系統裝修人員(含水電工),建築物及綠化服務業,483,34643,33647,996
2015,電力機械裝修人員,建築物及綠化服務業,327,35843,32019,3824
2015,資(通)訊設備裝修人員,建築物及綠化服務業,… ,… ,… ,… 
2015,電子設備裝修人員(不含資通訊設備),建築物及綠化服務業,— ,— ,— ,— 
2015,非食品飲料產品分級及檢查人員,建築物及綠化服務業,— ,— ,— ,— 
2015,消毒及除蟲有關工作人員,建築物及綠化服務業,… ,… ,… ,… 
2015,金屬製造設備操作員(含熔煉、鑄造、輾軋、熱處理、抽製及擠型等),建築物及綠化服務業,— ,— ,— ,— 
2015,印刷電路板製造工,建築物及綠化服務業,— ,— ,— ,— 
2015,化學產品機械操作員(不含藥品、化妝品及照相產品),建築物及綠化服務業,— ,— ,— ,— 
2015,包裝機械操作人員,建築物及綠化服務業,— ,— ,— ,— 
2015,生產線上組裝(現場)人員,建築物及綠化服務業,148,35113,27048,8065
2015,機車送件駕駛人員,建築物及綠化服務業,— ,— ,— ,— 
2015,小客、貨車駕駛人員,建築物及綠化服務業,104,33392,27261,6131
2015,大客、貨車駕駛人員,建築物及綠化服務業,171,41603,35964,5639
2015,推土、吊車、起重機等移運設備操作人員,建築物及綠化服務業,… ,… ,… ,… 
2015,基層技術工及勞力工,建築物及綠化服務業,41428,25701,24737,964
2015,清潔工作人員(含建築清潔工),建築物及綠化服務業,36891,25153,24360,793
2015,勞力工,建築物及綠化服務業,4387,29859,27872,1987
2015,理貨員,建築物及綠化服務業,— ,— ,— ,— 
2015,廚房幫工(含速食烹調),建築物及綠化服務業,134,40128,25760,14368
2015,抄表員及自動販賣機收款員,建築物及綠化服務業,— ,— ,— ,— 
2015,停車場管理工,建築物及綠化服務業,… ,… ,… ,… 
2015,主管及監督人員,業務及辦公室支援服務業,1454,95766,85197,10569
2015,高階主管(總經理及總執行長),業務及辦公室支援服務業,122,187410,181301,6109
2015,中階主管(經理),業務及辦公室支援服務業,493,105137,95552,9585
2015,現場及辦公室監督人員(含主任、科/股長),業務及辦公室支援服務業,839,76935,65139,11796
2015,專業人員,業務及辦公室支援服務業,613,64167,59384,4783
2015,土木及水利工程師,業務及辦公室支援服務業,— ,— ,— ,— 
2015,電機工程師,業務及辦公室支援服務業,— ,— ,— ,— 
2015,電子工程師,業務及辦公室支援服務業,— ,— ,— ,— 
2015,電信工程師,業務及辦公室支援服務業,— ,— ,— ,— 
2015,平面及多媒體設計師,業務及辦公室支援服務業,18,66299,52243,14056
2015,護理人員,業務及辦公室支援服務業,— ,— ,— ,— 
2015,勞安及衛生管理人員(含工業安全管理師),業務及辦公室支援服務業,— ,— ,— ,— 
2015,會(審)計師(含會計稽核),業務及辦公室支援服務業,… ,… ,… ,… 
2015,風險控管人員,業務及辦公室支援服務業,… ,… ,… ,… 
2015,財務、經濟及投資分析研究人員,業務及辦公室支援服務業,— ,— ,— ,— 
2015,專案管理師(含經營管理顧問),業務及辦公室支援服務業,40,40549,39348,1201
2015,人力資源管理師,業務及辦公室支援服務業,… ,… ,… ,… 
2015,廣告及行銷專業人員(含企劃),業務及辦公室支援服務業,310,55505,55122,383
2015,公關專業人員,業務及辦公室支援服務業,— ,— ,— ,— 
2015,資訊系統分析及設計師,業務及辦公室支援服務業,43,70872,70872,— 
2015,軟體開發及程式設計師,業務及辦公室支援服務業,88,60119,39470,20649
2015,資料庫及網路專業人員,業務及辦公室支援服務業,41,83363,66560,16803
2015,編輯、作家及有關撰稿人員,業務及辦公室支援服務業,40,65184,65184,— 
2015,翻譯人員,業務及辦公室支援服務業,… ,… ,… ,… 
2015,技術員及助理專業人員,業務及辦公室支援服務業,2166,64047,50704,13343
2015,營建工程技術員(含建築、土木、景觀、測量、水利),業務及辦公室支援服務業,— ,— ,— ,— 
2015,電機技術員,業務及辦公室支援服務業,— ,— ,— ,— 
2015,電子技術員,業務及辦公室支援服務業,— ,— ,— ,— 
2015,機械技術員(含造船、輪機、鑄造),業務及辦公室支援服務業,— ,— ,— ,— 
2015,品管技術員,業務及辦公室支援服務業,— ,— ,— ,— 
2015,環境工程技術員,業務及辦公室支援服務業,— ,— ,— ,— 
2015,石油及天然氣精煉設備操作員,業務及辦公室支援服務業,— ,— ,— ,— 
2015,勞安及衛生技術員,業務及辦公室支援服務業,— ,— ,— ,— 
2015,信用及貸款人員,業務及辦公室支援服務業,171,39397,38709,688
2015,會計助理員,業務及辦公室支援服務業,6,63117,63117,— 
2015,統計及精算助理專業人員,業務及辦公室支援服務業,… ,… ,… ,… 
2015,承銷人員,業務及辦公室支援服務業,— ,— ,— ,— 
2015,工商業銷售代表(含業務員),業務及辦公室支援服務業,169,80395,66569,13826
2015,採購員,業務及辦公室支援服務業,— ,— ,— ,— 
2015,會議及活動規劃人員,業務及辦公室支援服務業,960,75399,48105,27294
2015,職業介紹人及承包人,業務及辦公室支援服務業,— ,— ,— ,— 
2015,專業秘書,業務及辦公室支援服務業,11,49614,49614,— 
2015,法務人員,業務及辦公室支援服務業,27,46383,44786,1597
2015,資訊管理及維護技術員,業務及辦公室支援服務業,817,53419,53173,246
2015,廣播及視聽技術員(含放映員),業務及辦公室支援服務業,— ,— ,— ,— 
2015,電信技術員,業務及辦公室支援服務業,— ,— ,— ,— 
2015,事務支援人員,業務及辦公室支援服務業,6935,35436,32369,3067
2015,總務,業務及辦公室支援服務業,280,34884,34883,1
2015,一般辦公室事務人員(含文書),業務及辦公室支援服務業,2720,35846,34129,1717
2015,資料輸入人員,業務及辦公室支援服務業,866,28551,26111,2440
2015,收帳、收費人員(含帳款催收),業務及辦公室支援服務業,190,49108,48308,800
2015,旅遊諮詢人員(含旅行社事務人員),業務及辦公室支援服務業,— ,— ,— ,— 
2015,接待員及服務台事務人員,業務及辦公室支援服務業,— ,— ,— ,— 
2015,總機人員,業務及辦公室支援服務業,316,31064,31064,— 
2015,電話及網路客服人員,業務及辦公室支援服務業,1708,34261,26890,7371
2015,統計調查訪談人員,業務及辦公室支援服務業,… ,… ,… ,… 
2015,會計、簿記、出納,業務及辦公室支援服務業,496,42326,40659,1667
2015,存貨事務人員,業務及辦公室支援服務業,… ,… ,… ,… 
2015,人事事務人員,業務及辦公室支援服務業,282,40456,39240,1216
2015,郵件處理及投遞人員,業務及辦公室支援服務業,… ,… ,… ,… 
2015,服務及銷售工作人員,業務及辦公室支援服務業,3053,36424,29895,6529
2015,隨車、船、飛機服務人員(含空服員),業務及辦公室支援服務業,— ,— ,— ,— 
2015,導遊、領隊及解說員,業務及辦公室支援服務業,— ,— ,— ,— 
2015,廚師,業務及辦公室支援服務業,— ,— ,— ,— 
2015,餐飲服務人員,業務及辦公室支援服務業,— ,— ,— ,— 
2015,按摩師,業務及辦公室支援服務業,— ,— ,— ,— 
2015,商店銷售人員(含百貨公司樓管人員),業務及辦公室支援服務業,382,28642,28642,— 
2015,收銀員及售票員,業務及辦公室支援服務業,… ,… ,… ,… 
2015,展售說明人員,業務及辦公室支援服務業,1182,29044,29044,— 
2015,電話及網路行銷人員,業務及辦公室支援服務業,1144,50118,32694,17424
2015,加油站服務員,業務及辦公室支援服務業,— ,— ,— ,— 
2015,健康照顧人員(含看護),業務及辦公室支援服務業,— ,— ,— ,— 
2015,建築物管理員、保全及警衛人員,業務及辦公室支援服務業,— ,— ,— ,— 
2015,救生員,業務及辦公室支援服務業,— ,— ,— ,— 
2015,技藝、機械設備操作及組裝人員,業務及辦公室支援服務業,1232,25347,24166,1181
2015,園藝及農牧業生產人員,業務及辦公室支援服務業,— ,— ,— ,— 
2015,泥作工作人員,業務及辦公室支援服務業,— ,— ,— ,— 
2015,空調及冷凍機械裝修人員,業務及辦公室支援服務業,— ,— ,— ,— 
2015,產業用機器維修人員,業務及辦公室支援服務業,… ,… ,… ,… 
2015,印刷人員,業務及辦公室支援服務業,673,24063,23285,778
2015,建築物電力系統裝修人員(含水電工),業務及辦公室支援服務業,— ,— ,— ,— 
2015,電力機械裝修人員,業務及辦公室支援服務業,— ,— ,— ,— 
2015,資(通)訊設備裝修人員,業務及辦公室支援服務業,— ,— ,— ,— 
2015,電子設備裝修人員(不含資通訊設備),業務及辦公室支援服務業,— ,— ,— ,— 
2015,非食品飲料產品分級及檢查人員,業務及辦公室支援服務業,— ,— ,— ,— 
2015,消毒及除蟲有關工作人員,業務及辦公室支援服務業,— ,— ,— ,— 
2015,金屬製造設備操作員(含熔煉、鑄造、輾軋、熱處理、抽製及擠型等),業務及辦公室支援服務業,— ,— ,— ,— 
2015,印刷電路板製造工,業務及辦公室支援服務業,— ,— ,— ,— 
2015,化學產品機械操作員(不含藥品、化妝品及照相產品),業務及辦公室支援服務業,— ,— ,— ,— 
2015,包裝機械操作人員,業務及辦公室支援服務業,552,26416,24907,1509
2015,生產線上組裝(現場)人員,業務及辦公室支援服務業,— ,— ,— ,— 
2015,機車送件駕駛人員,業務及辦公室支援服務業,— ,— ,— ,— 
2015,小客、貨車駕駛人員,業務及辦公室支援服務業,— ,— ,— ,— 
2015,大客、貨車駕駛人員,業務及辦公室支援服務業,— ,— ,— ,— 
2015,推土、吊車、起重機等移運設備操作人員,業務及辦公室支援服務業,… ,… ,… ,… 
2015,基層技術工及勞力工,業務及辦公室支援服務業,75,26240,26240,— 
2015,清潔工作人員(含建築清潔工),業務及辦公室支援服務業,— ,— ,— ,— 
2015,勞力工,業務及辦公室支援服務業,20,22563,22563,— 
2015,理貨員,業務及辦公室支援服務業,39,27804,27804,— 
2015,廚房幫工(含速食烹調),業務及辦公室支援服務業,— ,— ,— ,— 
2015,抄表員及自動販賣機收款員,業務及辦公室支援服務業,… ,… ,… ,… 
2015,停車場管理工,業務及辦公室支援服務業,— ,— ,— ,— 
